Metric,Value
Accuracy,0.9819819819819819
Recall,0.9819819819819819
Precision,0.9812633145966478
F1-Score,0.9810861998361997
