Metric,Value
Accuracy,0.9684684684684685
Recall,0.9684684684684685
Precision,0.965598932265599
F1-Score,0.9663373258118481
