Metric,Value
Accuracy,0.9594594594594594
Recall,0.9594594594594594
Precision,0.9558836300095817
F1-Score,0.9554206165526922
